,Governor Demand,Throttle Pressure,Main Steam Temp,Inlet Density,First Stage Pressure,Steam Flow Target,Px/Pi
0,0,543.0878158732189,804.4760430363368,0.7534394863615721,-6.060851786050847,468.6472817082223,-0.01115998482916752
1,20,1465.0521256738557,864.6065608132183,2.0654186727295163,273.3305477830824,462.2476487819945,0.18656711457100073
2,40,3511.946667447623,993.301007526306,4.898763361567933,1222.1678194866356,2197.123284557689,0.34800295540218734
3,60,3477.736763048359,993.057231302789,4.842080057740751,1770.765811886419,3243.7764430169404,0.5091718932557392
4,80,3473.866906482501,996.3782626881663,4.813842689830847,2313.9759846710276,4290.429601476192,0.6661095680876467
5,100,3482.9999275595314,1001.2270687630697,4.798020935858348,2854.877091906274,5337.082759935443,0.8196603937073951
